{"stats":{"minecraft:killed":{"zombie_extreme:devestated":1,"minecraft:zombie":4,"extinction:mercenary":1,"extinction:infected_bear":1,"apocalypsenow:looter_1":1,"apocalypsenow:runner_52":1,"apocalypsenow:runner_38":1,"zombie_extreme:parasite":1,"extinction:runner":1},"minecraft:killed_by":{"minecraft:zombie":1},"minecraft:crafted":{"minecraft:crafting_table":1,"minecraft:stick":8,"minecraft:wooden_pickaxe":1,"minecraft:stone_pickaxe":1,"minecraft:wooden_axe":1,"minecraft:birch_planks":24},"minecraft:mined":{"minecraft:birch_log":12,"minecraft:birch_leaves":2,"immersive_weathering:birch_leaf_pile":4,"minecraft:stone":14,"minecraft:oak_leaves":2},"minecraft:used":{"minecraft:wooden_axe":6,"minecraft:trident":1,"minecraft:stone_pickaxe":11,"minecraft:wooden_pickaxe":3,"createloveandwar:perrin":3,"minecraft:crafting_table":1},"minecraft:custom":{"minecraft:time_since_rest":35820,"minecraft:damage_taken":125,"minecraft:sprint_one_cm":36043,"minecraft:walk_one_cm":61137,"minecraft:mob_kills":12,"minecraft:damage_dealt":215,"minecraft:interact_with_crafting_table":6,"minecraft:fly_one_cm":58434,"minecraft:crouch_one_cm":4122,"minecraft:play_time":41424,"minecraft:deaths":1,"minecraft:sneak_time":1047,"minecraft:jump":227,"minecraft:leave_game":1,"minecraft:time_since_death":33856,"minecraft:walk_on_water_one_cm":337,"minecraft:total_world_time":41424,"minecraft:fall_one_cm":2444},"minecraft:picked_up":{"minecraft:birch_log":12,"minecraft:stick":1,"pointblank:glock17":1,"minecraft:birch_planks":20,"pointblank:gunmetal_nugget":15,"apocalypsenow:bvd_assault_vest_chestplate":1,"minecraft:arrow":1,"minecraft:rotten_flesh":4,"apocalypsenow:human_flesh":2,"pointblank:ammo9mm":7,"extinction:combat_knife":1,"apocalypsenow:red_bikers_helmet":1,"pfm:furniture_book":1,"minecraft:birch_sapling":3,"minecraft:cobblestone":13,"minecraft:egg":1}},"DataVersion":3465}