{"stats":{"minecraft:killed":{"minecraft:pig":1,"extinction:runner_ii":1},"minecraft:crafted":{"minecraft:oak_planks":8,"minecraft:stick":4,"minecraft:wooden_pickaxe":1,"minecraft:stone_pickaxe":1,"minecraft:stone_sword":1},"minecraft:mined":{"immersive_weathering:birch_leaf_pile":5,"minecraft:grass":1,"projectvibrantjourneys:twigs":1,"minecraft:oak_log":4,"minecraft:grass_block":1,"minecraft:coal_ore":8,"minecraft:stone":18,"minecraft:sugar_cane":12,"minecraft:oak_leaves":4},"minecraft:used":{"minecraft:stone_sword":2,"minecraft:stone_pickaxe":25,"minecraft:wooden_pickaxe":4},"minecraft:custom":{"minecraft:time_since_rest":14075,"minecraft:sprint_one_cm":39818,"minecraft:damage_taken":20,"minecraft:walk_one_cm":49897,"minecraft:mob_kills":2,"minecraft:drop":1,"minecraft:damage_dealt":114,"minecraft:swim_one_cm":365,"minecraft:interact_with_crafting_table":6,"minecraft:fly_one_cm":44430,"minecraft:crouch_one_cm":1295,"minecraft:play_time":14075,"minecraft:sneak_time":532,"minecraft:walk_under_water_one_cm":750,"minecraft:jump":290,"minecraft:leave_game":1,"minecraft:time_since_death":14075,"minecraft:walk_on_water_one_cm":3358,"minecraft:total_world_time":14075,"minecraft:fall_one_cm":4846},"minecraft:dropped":{"minecraft:oak_log":1},"minecraft:picked_up":{"minecraft:stick":5,"minecraft:porkchop":1,"minecraft:oak_log":5,"minecraft:dirt":1,"minecraft:rotten_flesh":1,"minecraft:sugar_cane":15,"minecraft:coal":8,"immersive_weathering:tallow":3,"minecraft:cobblestone":17}},"DataVersion":3465}