{
  "ags_day_counter:firts_day_advancement": {
    "criteria": {
      "firts_day_advancement_0": "2024-11-08 20:57:36 +0000"
    },
    "done": true
  },
  "minecraft:recipes/decorations/crafting_table": {
    "criteria": {
      "unlock_right_away": "2024-11-08 20:57:36 +0000"
    },
    "done": true
  },
  "mekanism:root": {
    "criteria": {
      "automatic": "2024-11-08 20:57:36 +0000"
    },
    "done": true
  },
  "pfm:grant_book_on_first_join": {
    "criteria": {
      "tick": "2024-11-08 20:57:36 +0000"
    },
    "done": true
  },
  "zombiekit:zombie_kit": {
    "criteria": {
      "zombie_kit": "2024-11-08 20:57:36 +0000"
    },
    "done": true
  },
  "ags_day_counter:day_counter_root_advancement": {
    "criteria": {
      "day_counter_root_advancement_0": "2024-11-08 20:57:36 +0000"
    },
    "done": true
  },
  "zombiekit:grant_book_on_first_join": {
    "criteria": {
      "tick": "2024-11-08 20:57:36 +0000"
    },
    "done": true
  },
  "thingamajigs:get_book": {
    "criteria": {
      "tick": "2024-11-08 20:57:36 +0000"
    },
    "done": true
  },
  "create:root": {
    "criteria": {
      "0": "2024-11-08 20:57:37 +0000"
    },
    "done": true
  },
  "numismatics:root": {
    "criteria": {
      "0": "2024-11-08 20:57:37 +0000"
    },
    "done": true
  },
  "thingamajigs:recipes/redstone/thingamajig_state_cell": {
    "criteria": {
      "has_redstone": "2024-11-08 20:57:37 +0000"
    },
    "done": true
  },
  "infinitybuttons:root": {
    "criteria": {
      "show": "2024-11-08 20:57:37 +0000"
    },
    "done": true
  },
  "farmersdelight:main/root": {
    "criteria": {
      "seeds": "2024-11-08 20:57:37 +0000"
    },
    "done": true
  },
  "minecraft:adventure/adventuring_time": {
    "criteria": {
      "minecraft:birch_forest": "2024-11-08 21:10:45 +0000",
      "minecraft:beach": "2024-11-08 21:01:10 +0000",
      "minecraft:river": "2024-11-08 21:09:18 +0000",
      "minecraft:forest": "2024-11-08 20:57:37 +0000",
      "minecraft:old_growth_birch_forest": "2024-11-08 21:07:05 +0000"
    },
    "done": false
  },
  "minecraft:recipes/decorations/ladder": {
    "criteria": {
      "has_stick": "2024-11-08 21:05:15 +0000"
    },
    "done": true
  },
  "pfm:recipes/furniture/lime_simple_sofa": {
    "criteria": {
      "has_wool": "2024-11-08 21:02:51 +0000"
    },
    "done": true
  },
  "mutantmonsters:root": {
    "criteria": {
      "killed_something": "2024-11-08 21:02:37 +0000"
    },
    "done": true
  },
  "securitycraft:recipes/redstone/reinforced_birch_fence_gate": {
    "criteria": {
      "has_stick": "2024-11-08 21:05:15 +0000"
    },
    "done": true
  },
  "securitycraft:recipes/redstone/reinforced_jungle_fence_gate": {
    "criteria": {
      "has_stick": "2024-11-08 21:05:15 +0000"
    },
    "done": true
  },
  "refurbished_furniture:recipes/misc/constructing/green_stool": {
    "criteria": {
      "has_planks": "2024-11-08 21:04:01 +0000"
    },
    "done": true
  },
  "refurbished_furniture:recipes/misc/constructing/oak_kitchen_drawer": {
    "criteria": {
      "has_oak_planks": "2024-11-08 21:04:01 +0000"
    },
    "done": true
  },
  "refurbished_furniture:recipes/misc/constructing/red_lamp": {
    "criteria": {
      "has_planks": "2024-11-08 21:04:01 +0000"
    },
    "done": true
  },
  "pfm:recipes/furniture/pink_arm_chair": {
    "criteria": {
      "has_wool": "2024-11-08 21:02:51 +0000"
    },
    "done": true
  },
  "biomesoplenty:recipes/transportation/willow_boat": {
    "criteria": {
      "in_water": "2024-11-08 21:07:03 +0000"
    },
    "done": true
  },
  "infinitybuttons:recipe/redstone/torch_button": {
    "criteria": {
      "has_thing": "2024-11-08 21:04:49 +0000"
    },
    "done": true
  },
  "minecraft:recipes/tools/wooden_axe": {
    "criteria": {
      "has_stick": "2024-11-08 21:05:15 +0000"
    },
    "done": true
  },
  "thingamajigs:recipes/building_blocks/cherry_lane": {
    "criteria": {
      "has_planks": "2024-11-08 21:04:01 +0000"
    },
    "done": true
  },
  "refurbished_furniture:recipes/misc/constructing/yellow_sofa": {
    "criteria": {
      "has_planks": "2024-11-08 21:04:01 +0000"
    },
    "done": true
  },
  "refurbished_furniture:recipes/misc/constructing/orange_sofa": {
    "criteria": {
      "has_planks": "2024-11-08 21:04:01 +0000"
    },
    "done": true
  },
  "minecraft:recipes/decorations/chest": {
    "criteria": {
      "has_lots_of_items": "2024-11-08 21:04:25 +0000"
    },
    "done": true
  },
  "minecraft:recipes/misc/stick": {
    "criteria": {
      "has_planks": "2024-11-08 21:04:01 +0000"
    },
    "done": true
  },
  "pfm:recipes/furniture/oak_kitchen_wall_drawer": {
    "criteria": {
      "has_planks": "2024-11-08 21:02:51 +0000"
    },
    "done": true
  },
  "pfm:recipes/furniture/magenta_simple_sofa": {
    "criteria": {
      "has_wool": "2024-11-08 21:02:51 +0000"
    },
    "done": true
  },
  "minecraft:recipes/transportation/cherry_boat": {
    "criteria": {
      "in_water": "2024-11-08 21:07:03 +0000"
    },
    "done": true
  },
  "pfm:recipes/furniture/oak_classic_nightstand": {
    "criteria": {
      "has_planks": "2024-11-08 21:04:01 +0000"
    },
    "done": true
  },
  "refurbished_furniture:recipes/misc/constructing/oak_light_ceiling_fan": {
    "criteria": {
      "has_oak_planks": "2024-11-08 21:04:01 +0000"
    },
    "done": true
  },
  "thingamajigs:recipes/building_blocks/mangrove_lane": {
    "criteria": {
      "has_planks": "2024-11-08 21:04:01 +0000"
    },
    "done": true
  },
  "pfm:recipes/root": {
    "criteria": {
      "has_planks": "2024-11-08 21:04:01 +0000"
    },
    "done": true
  },
  "refurbished_furniture:recipes/misc/constructing/magenta_stool": {
    "criteria": {
      "has_planks": "2024-11-08 21:04:01 +0000"
    },
    "done": true
  },
  "pfm:recipes/furniture/green_simple_sofa": {
    "criteria": {
      "has_wool": "2024-11-08 21:02:51 +0000"
    },
    "done": true
  },
  "securitycraft:recipes/building_blocks/reinforced_andesite_with_vanilla_cobblestone": {
    "criteria": {
      "has_cobblestone": "2024-11-08 21:04:33 +0000"
    },
    "done": true
  },
  "pfm:recipes/furniture/oak_kitchen_sink": {
    "criteria": {
      "has_planks": "2024-11-08 21:02:51 +0000"
    },
    "done": true
  },
  "pfm:recipes/furniture/blue_arm_chair": {
    "criteria": {
      "has_wool": "2024-11-08 21:02:51 +0000"
    },
    "done": true
  },
  "refurbished_furniture:recipes/misc/constructing/oak_drawer": {
    "criteria": {
      "has_oak_planks": "2024-11-08 21:04:01 +0000"
    },
    "done": true
  },
  "biomesoplenty:recipes/transportation/dead_boat": {
    "criteria": {
      "in_water": "2024-11-08 21:07:03 +0000"
    },
    "done": true
  },
  "biomesoplenty:recipes/transportation/magic_boat": {
    "criteria": {
      "in_water": "2024-11-08 21:07:03 +0000"
    },
    "done": true
  },
  "refurbished_furniture:recipes/misc/constructing/birch_lattice_fence": {
    "criteria": {
      "has_stick": "2024-11-08 21:05:15 +0000"
    },
    "done": true
  },
  "refurbished_furniture:recipes/misc/constructing/brown_cooler": {
    "criteria": {
      "has_planks": "2024-11-08 21:04:01 +0000"
    },
    "done": true
  },
  "refurbished_furniture:recipes/misc/constructing/cyan_cooler": {
    "criteria": {
      "has_planks": "2024-11-08 21:04:01 +0000"
    },
    "done": true
  },
  "pfm:recipes/furniture/stone_kitchen_cabinet": {
    "criteria": {
      "has_planks": "2024-11-08 21:04:33 +0000"
    },
    "done": true
  },
  "design_decor:recipes/building_blocks/wood_support_from_planks_stonecutting": {
    "criteria": {
      "has_planks": "2024-11-08 21:04:01 +0000"
    },
    "done": true
  },
  "refurbished_furniture:recipes/misc/constructing/lime_stool": {
    "criteria": {
      "has_planks": "2024-11-08 21:04:01 +0000"
    },
    "done": true
  },
  "securitycraft:recipes/redstone/reinforced_bamboo_fence_gate": {
    "criteria": {
      "has_stick": "2024-11-08 21:05:15 +0000"
    },
    "done": true
  },
  "infinitybuttons:recipe/redstone/torch_lever": {
    "criteria": {
      "has_thing": "2024-11-08 21:04:49 +0000"
    },
    "done": true
  },
  "minecraft:recipes/building_blocks/oak_slab": {
    "criteria": {
      "has_planks": "2024-11-08 21:04:01 +0000"
    },
    "done": true
  },
  "pfm:recipes/furniture/oak_raw_table_log": {
    "criteria": {
      "has_log": "2024-11-08 21:02:51 +0000"
    },
    "done": true
  },
  "pfm:recipes/furniture/stone_kitchen_wall_drawer": {
    "criteria": {
      "has_planks": "2024-11-08 21:04:33 +0000"
    },
    "done": true
  },
  "refurbished_furniture:recipes/misc/constructing/light_gray_sofa": {
    "criteria": {
      "has_planks": "2024-11-08 21:04:01 +0000"
    },
    "done": true
  },
  "minecraft:recipes/decorations/campfire": {
    "criteria": {
      "has_stick": "2024-11-08 21:05:15 +0000"
    },
    "done": true
  },
  "refurbished_furniture:recipes/misc/constructing/dark_oak_lattice_fence": {
    "criteria": {
      "has_stick": "2024-11-08 21:05:15 +0000"
    },
    "done": true
  },
  "infinitybuttons:recipe/redstone/oak_plank_secret_button": {
    "criteria": {
      "has_thing": "2024-11-08 21:04:01 +0000"
    },
    "done": true
  },
  "thingamajigs:recipes/building_blocks/warped_lane": {
    "criteria": {
      "has_planks": "2024-11-08 21:04:01 +0000"
    },
    "done": true
  },
  "refurbished_furniture:recipes/misc/constructing/oak_kitchen_cabinetry": {
    "criteria": {
      "has_oak_planks": "2024-11-08 21:04:01 +0000"
    },
    "done": true
  },
  "minecraft:recipes/redstone/oak_door": {
    "criteria": {
      "has_planks": "2024-11-08 21:04:01 +0000"
    },
    "done": true
  },
  "pfm:recipes/furniture/white_arm_chair": {
    "criteria": {
      "has_wool": "2024-11-08 21:02:51 +0000"
    },
    "done": true
  },
  "securitycraft:recipes/redstone/reinforced_dark_oak_fence_gate": {
    "criteria": {
      "has_stick": "2024-11-08 21:05:15 +0000"
    },
    "done": true
  },
  "pfm:recipes/furniture/black_arm_chair": {
    "criteria": {
      "has_wool": "2024-11-08 21:02:51 +0000"
    },
    "done": true
  },
  "minecraft:recipes/building_blocks/cobblestone_slab": {
    "criteria": {
      "has_cobblestone": "2024-11-08 21:04:33 +0000"
    },
    "done": true
  },
  "pfm:recipes/furniture/purple_arm_chair": {
    "criteria": {
      "has_wool": "2024-11-08 21:02:51 +0000"
    },
    "done": true
  },
  "minecraft:recipes/transportation/acacia_boat": {
    "criteria": {
      "in_water": "2024-11-08 21:07:03 +0000"
    },
    "done": true
  },
  "refurbished_furniture:recipes/misc/constructing/green_lamp": {
    "criteria": {
      "has_planks": "2024-11-08 21:04:01 +0000"
    },
    "done": true
  },
  "refurbished_furniture:recipes/misc/constructing/magenta_sofa": {
    "criteria": {
      "has_planks": "2024-11-08 21:04:01 +0000"
    },
    "done": true
  },
  "minecraft:recipes/combat/wooden_sword": {
    "criteria": {
      "has_stick": "2024-11-08 21:05:15 +0000"
    },
    "done": true
  },
  "minecraft:recipes/building_blocks/oak_planks": {
    "criteria": {
      "has_logs": "2024-11-08 21:02:51 +0000"
    },
    "done": true
  },
  "refurbished_furniture:recipes/misc/constructing/oak_storage_jar": {
    "criteria": {
      "has_oak_planks": "2024-11-08 21:04:01 +0000"
    },
    "done": true
  },
  "minecraft:recipes/decorations/cobblestone_wall_from_cobblestone_stonecutting": {
    "criteria": {
      "has_cobblestone": "2024-11-08 21:04:33 +0000"
    },
    "done": true
  },
  "refurbished_furniture:recipes/misc/constructing/cyan_stool": {
    "criteria": {
      "has_planks": "2024-11-08 21:04:01 +0000"
    },
    "done": true
  },
  "securitycraft:recipes/misc/reinforced_dark_oak_fence": {
    "criteria": {
      "has_stick": "2024-11-08 21:05:15 +0000"
    },
    "done": true
  },
  "securitycraft:recipes/misc/reinforced_oak_fence": {
    "criteria": {
      "has_stick": "2024-11-08 21:05:15 +0000"
    },
    "done": true
  },
  "minecraft:recipes/building_blocks/cobblestone_stairs": {
    "criteria": {
      "has_cobblestone": "2024-11-08 21:04:33 +0000"
    },
    "done": true
  },
  "securitycraft:recipes/redstone/reinforced_oak_fence_gate": {
    "criteria": {
      "has_stick": "2024-11-08 21:05:15 +0000"
    },
    "done": true
  },
  "securitycraft:recipes/misc/reinforced_bamboo_fence": {
    "criteria": {
      "has_stick": "2024-11-08 21:05:15 +0000"
    },
    "done": true
  },
  "securitycraft:recipes/misc/reinforced_crimson_fence": {
    "criteria": {
      "has_stick": "2024-11-08 21:05:15 +0000"
    },
    "done": true
  },
  "minecraft:recipes/transportation/jungle_boat": {
    "criteria": {
      "in_water": "2024-11-08 21:07:03 +0000"
    },
    "done": true
  },
  "refurbished_furniture:recipes/misc/constructing/jungle_lattice_fence_gate": {
    "criteria": {
      "has_stick": "2024-11-08 21:05:15 +0000"
    },
    "done": true
  },
  "minecraft:recipes/redstone/lever": {
    "criteria": {
      "has_cobblestone": "2024-11-08 21:04:33 +0000"
    },
    "done": true
  },
  "farmersdelight:recipes/cooking/dog_food": {
    "criteria": {
      "has_any_ingredient": "2024-11-08 21:03:53 +0000"
    },
    "done": true
  },
  "refurbished_furniture:recipes/misc/constructing/brown_stool": {
    "criteria": {
      "has_planks": "2024-11-08 21:04:01 +0000"
    },
    "done": true
  },
  "xkdeco:recipes/building_blocks/varnished_log_from_smoking": {
    "criteria": {
      "has_item": "2024-11-08 21:02:51 +0000"
    },
    "done": true
  },
  "pfm:recipes/furniture/stone_kitchen_wall_small_drawer": {
    "criteria": {
      "has_planks": "2024-11-08 21:04:33 +0000"
    },
    "done": true
  },
  "minecraft:recipes/redstone/oak_trapdoor": {
    "criteria": {
      "has_planks": "2024-11-08 21:04:01 +0000"
    },
    "done": true
  },
  "refurbished_furniture:recipes/misc/constructing/lime_lamp": {
    "criteria": {
      "has_planks": "2024-11-08 21:04:01 +0000"
    },
    "done": true
  },
  "pfm:recipes/furniture/light_gray_arm_chair": {
    "criteria": {
      "has_wool": "2024-11-08 21:02:51 +0000"
    },
    "done": true
  },
  "minecraft:recipes/combat/stone_sword": {
    "criteria": {
      "has_cobblestone": "2024-11-08 21:04:33 +0000"
    },
    "done": true
  },
  "minecraft:recipes/decorations/cobblestone_wall": {
    "criteria": {
      "has_cobblestone": "2024-11-08 21:04:33 +0000"
    },
    "done": true
  },
  "minecraft:recipes/tools/stone_axe": {
    "criteria": {
      "has_cobblestone": "2024-11-08 21:04:33 +0000"
    },
    "done": true
  },
  "pfm:recipes/furniture/lime_arm_chair": {
    "criteria": {
      "has_wool": "2024-11-08 21:02:51 +0000"
    },
    "done": true
  },
  "pfm:recipes/furniture/light_gray_simple_sofa": {
    "criteria": {
      "has_wool": "2024-11-08 21:02:51 +0000"
    },
    "done": true
  },
  "refurbished_furniture:recipes/misc/constructing/spruce_lattice_fence": {
    "criteria": {
      "has_stick": "2024-11-08 21:05:15 +0000"
    },
    "done": true
  },
  "refurbished_furniture:recipes/misc/constructing/light_blue_cooler": {
    "criteria": {
      "has_planks": "2024-11-08 21:04:01 +0000"
    },
    "done": true
  },
  "refurbished_furniture:recipes/misc/constructing/oak_mail_box": {
    "criteria": {
      "has_oak_planks": "2024-11-08 21:04:01 +0000"
    },
    "done": true
  },
  "refurbished_furniture:recipes/misc/constructing/pink_sofa": {
    "criteria": {
      "has_planks": "2024-11-08 21:04:01 +0000"
    },
    "done": true
  },
  "thingamajigs:recipes/decorations/cobbled_concrete": {
    "criteria": {
      "has_thing": "2024-11-08 21:04:33 +0000"
    },
    "done": true
  },
  "refurbished_furniture:recipes/misc/constructing/oak_bath": {
    "criteria": {
      "has_oak_planks": "2024-11-08 21:04:01 +0000"
    },
    "done": true
  },
  "refurbished_furniture:recipes/misc/constructing/brown_lamp": {
    "criteria": {
      "has_planks": "2024-11-08 21:04:01 +0000"
    },
    "done": true
  },
  "refurbished_furniture:recipes/misc/constructing/crimson_lattice_fence_gate": {
    "criteria": {
      "has_stick": "2024-11-08 21:05:15 +0000"
    },
    "done": true
  },
  "pfm:recipes/furniture/oak_modern_stool": {
    "criteria": {
      "has_planks": "2024-11-08 21:04:01 +0000"
    },
    "done": true
  },
  "biomesoplenty:recipes/transportation/fir_boat": {
    "criteria": {
      "in_water": "2024-11-08 21:07:03 +0000"
    },
    "done": true
  },
  "pfm:recipes/furniture/yellow_simple_sofa": {
    "criteria": {
      "has_wool": "2024-11-08 21:02:51 +0000"
    },
    "done": true
  },
  "securitycraft:recipes/misc/reinforced_warped_fence": {
    "criteria": {
      "has_stick": "2024-11-08 21:05:15 +0000"
    },
    "done": true
  },
  "refurbished_furniture:recipes/misc/constructing/oak_basin": {
    "criteria": {
      "has_oak_planks": "2024-11-08 21:04:01 +0000"
    },
    "done": true
  },
  "pfm:recipes/furniture/white_simple_sofa": {
    "criteria": {
      "has_wool": "2024-11-08 21:02:51 +0000"
    },
    "done": true
  },
  "minecraft:recipes/transportation/spruce_boat": {
    "criteria": {
      "in_water": "2024-11-08 21:07:03 +0000"
    },
    "done": true
  },
  "securitycraft:recipes/redstone/reinforced_cherry_fence_gate": {
    "criteria": {
      "has_stick": "2024-11-08 21:05:15 +0000"
    },
    "done": true
  },
  "refurbished_furniture:recipes/misc/workbench": {
    "criteria": {
      "has_planks": "2024-11-08 21:04:01 +0000"
    },
    "done": true
  },
  "thingamajigs:recipes/building_blocks/jungle_lane": {
    "criteria": {
      "has_planks": "2024-11-08 21:04:01 +0000"
    },
    "done": true
  },
  "refurbished_furniture:recipes/misc/constructing/light_blue_lamp": {
    "criteria": {
      "has_planks": "2024-11-08 21:04:01 +0000"
    },
    "done": true
  },
  "refurbished_furniture:recipes/misc/constructing/blue_sofa": {
    "criteria": {
      "has_planks": "2024-11-08 21:04:01 +0000"
    },
    "done": true
  },
  "minecraft:recipes/misc/paper": {
    "criteria": {
      "has_reeds": "2024-11-08 21:06:50 +0000"
    },
    "done": true
  },
  "biomesoplenty:recipes/transportation/redwood_boat": {
    "criteria": {
      "in_water": "2024-11-08 21:07:03 +0000"
    },
    "done": true
  },
  "refurbished_furniture:recipes/misc/constructing/oak_chair": {
    "criteria": {
      "has_oak_planks": "2024-11-08 21:04:01 +0000"
    },
    "done": true
  },
  "pfm:recipes/furniture/gray_simple_sofa": {
    "criteria": {
      "has_wool": "2024-11-08 21:02:51 +0000"
    },
    "done": true
  },
  "minecraft:recipes/transportation/mangrove_boat": {
    "criteria": {
      "in_water": "2024-11-08 21:07:03 +0000"
    },
    "done": true
  },
  "pfm:recipes/furniture/stone_kitchen_counter_oven": {
    "criteria": {
      "has_planks": "2024-11-08 21:04:33 +0000"
    },
    "done": true
  },
  "refurbished_furniture:recipes/misc/constructing/gray_lamp": {
    "criteria": {
      "has_planks": "2024-11-08 21:04:01 +0000"
    },
    "done": true
  },
  "biomesoplenty:recipes/transportation/hellbark_boat": {
    "criteria": {
      "in_water": "2024-11-08 21:07:03 +0000"
    },
    "done": true
  },
  "refurbished_furniture:recipes/misc/constructing/purple_sofa": {
    "criteria": {
      "has_planks": "2024-11-08 21:04:01 +0000"
    },
    "done": true
  },
  "biomesoplenty:recipes/transportation/jacaranda_boat": {
    "criteria": {
      "in_water": "2024-11-08 21:07:03 +0000"
    },
    "done": true
  },
  "minecraft:recipes/misc/sugar_from_sugar_cane": {
    "criteria": {
      "has_sugar_cane": "2024-11-08 21:06:50 +0000"
    },
    "done": true
  },
  "refurbished_furniture:recipes/misc/constructing/oak_lattice_fence": {
    "criteria": {
      "has_oak_planks": "2024-11-08 21:04:01 +0000"
    },
    "done": true
  },
  "refurbished_furniture:recipes/misc/constructing/gray_cooler": {
    "criteria": {
      "has_planks": "2024-11-08 21:04:01 +0000"
    },
    "done": true
  },
  "minecraft:recipes/tools/wooden_pickaxe": {
    "criteria": {
      "has_stick": "2024-11-08 21:05:15 +0000"
    },
    "done": true
  },
  "minecraft:story/upgrade_tools": {
    "criteria": {
      "stone_pickaxe": "2024-11-08 21:04:49 +0000"
    },
    "done": true
  },
  "biomesoplenty:recipes/transportation/palm_boat": {
    "criteria": {
      "in_water": "2024-11-08 21:07:03 +0000"
    },
    "done": true
  },
  "minecraft:recipes/redstone/oak_pressure_plate": {
    "criteria": {
      "has_planks": "2024-11-08 21:04:01 +0000"
    },
    "done": true
  },
  "refurbished_furniture:recipes/misc/constructing/cherry_lattice_fence_gate": {
    "criteria": {
      "has_stick": "2024-11-08 21:05:15 +0000"
    },
    "done": true
  },
  "securitycraft:recipes/redstone/reinforced_mangrove_fence_gate": {
    "criteria": {
      "has_stick": "2024-11-08 21:05:15 +0000"
    },
    "done": true
  },
  "refurbished_furniture:recipes/misc/constructing/black_lamp": {
    "criteria": {
      "has_planks": "2024-11-08 21:04:01 +0000"
    },
    "done": true
  },
  "pfm:recipes/furniture/gray_arm_chair": {
    "criteria": {
      "has_wool": "2024-11-08 21:02:51 +0000"
    },
    "done": true
  },
  "farmersdelight:recipes/building_blocks/organic_compost_from_rotten_flesh": {
    "criteria": {
      "has_rotten_flesh": "2024-11-08 21:03:53 +0000"
    },
    "done": true
  },
  "refurbished_furniture:recipes/misc/constructing/pink_cooler": {
    "criteria": {
      "has_planks": "2024-11-08 21:04:01 +0000"
    },
    "done": true
  },
  "thingamajigs:recipes/building_blocks/birch_lane": {
    "criteria": {
      "has_planks": "2024-11-08 21:04:01 +0000"
    },
    "done": true
  },
  "refurbished_furniture:recipes/misc/constructing/cyan_sofa": {
    "criteria": {
      "has_planks": "2024-11-08 21:04:01 +0000"
    },
    "done": true
  },
  "thingamajigs:recipes/building_blocks/spruce_lane": {
    "criteria": {
      "has_planks": "2024-11-08 21:04:01 +0000"
    },
    "done": true
  },
  "refurbished_furniture:recipes/misc/constructing/black_stool": {
    "criteria": {
      "has_planks": "2024-11-08 21:04:01 +0000"
    },
    "done": true
  },
  "refurbished_furniture:recipes/misc/constructing/warped_lattice_fence": {
    "criteria": {
      "has_stick": "2024-11-08 21:05:15 +0000"
    },
    "done": true
  },
  "refurbished_furniture:recipes/misc/constructing/orange_cooler": {
    "criteria": {
      "has_planks": "2024-11-08 21:04:01 +0000"
    },
    "done": true
  },
  "refurbished_furniture:recipes/misc/constructing/birch_lattice_fence_gate": {
    "criteria": {
      "has_stick": "2024-11-08 21:05:15 +0000"
    },
    "done": true
  },
  "infinitybuttons:recipe/redstone/oak_large_button": {
    "criteria": {
      "has_thing": "2024-11-08 21:04:01 +0000"
    },
    "done": true
  },
  "minecraft:recipes/transportation/dark_oak_boat": {
    "criteria": {
      "in_water": "2024-11-08 21:07:03 +0000"
    },
    "done": true
  },
  "refurbished_furniture:recipes/misc/constructing/pink_stool": {
    "criteria": {
      "has_planks": "2024-11-08 21:04:01 +0000"
    },
    "done": true
  },
  "refurbished_furniture:recipes/misc/slicing/brown_dye_from_rotten_flesh": {
    "criteria": {
      "has_rotten_flesh": "2024-11-08 21:03:53 +0000"
    },
    "done": true
  },
  "refurbished_furniture:recipes/misc/constructing/purple_stool": {
    "criteria": {
      "has_planks": "2024-11-08 21:04:01 +0000"
    },
    "done": true
  },
  "refurbished_furniture:recipes/misc/constructing/oak_toilet": {
    "criteria": {
      "has_oak_planks": "2024-11-08 21:04:01 +0000"
    },
    "done": true
  },
  "refurbished_furniture:recipes/misc/constructing/crimson_lattice_fence": {
    "criteria": {
      "has_stick": "2024-11-08 21:05:15 +0000"
    },
    "done": true
  },
  "securitycraft:recipes/redstone/reinforced_crimson_fence_gate": {
    "criteria": {
      "has_stick": "2024-11-08 21:05:15 +0000"
    },
    "done": true
  },
  "refurbished_furniture:recipes/misc/constructing/jungle_lattice_fence": {
    "criteria": {
      "has_stick": "2024-11-08 21:05:15 +0000"
    },
    "done": true
  },
  "securitycraft:recipes/misc/motion_activated_light": {
    "criteria": {
      "has_stick": "2024-11-08 21:05:15 +0000"
    },
    "done": true
  },
  "refurbished_furniture:recipes/misc/constructing/spruce_lattice_fence_gate": {
    "criteria": {
      "has_stick": "2024-11-08 21:05:15 +0000"
    },
    "done": true
  },
  "refurbished_furniture:recipes/misc/constructing/yellow_lamp": {
    "criteria": {
      "has_planks": "2024-11-08 21:04:01 +0000"
    },
    "done": true
  },
  "minecraft:recipes/decorations/oak_sign": {
    "criteria": {
      "has_planks": "2024-11-08 21:04:01 +0000"
    },
    "done": true
  },
  "refurbished_furniture:recipes/misc/constructing/orange_lamp": {
    "criteria": {
      "has_planks": "2024-11-08 21:04:01 +0000"
    },
    "done": true
  },
  "refurbished_furniture:recipes/misc/constructing/dark_oak_lattice_fence_gate": {
    "criteria": {
      "has_stick": "2024-11-08 21:05:15 +0000"
    },
    "done": true
  },
  "pfm:recipes/furniture/orange_arm_chair": {
    "criteria": {
      "has_wool": "2024-11-08 21:02:51 +0000"
    },
    "done": true
  },
  "minecraft:story/mine_stone": {
    "criteria": {
      "get_stone": "2024-11-08 21:04:33 +0000"
    },
    "done": true
  },
  "minecraft:recipes/decorations/furnace": {
    "criteria": {
      "has_cobblestone": "2024-11-08 21:04:33 +0000"
    },
    "done": true
  },
  "pfm:recipes/furniture/oak_table_basic": {
    "criteria": {
      "has_planks": "2024-11-08 21:04:01 +0000"
    },
    "done": true
  },
  "refurbished_furniture:recipes/misc/constructing/white_lamp": {
    "criteria": {
      "has_planks": "2024-11-08 21:04:01 +0000"
    },
    "done": true
  },
  "pfm:recipes/furniture/oak_chair_modern": {
    "criteria": {
      "has_planks": "2024-11-08 21:04:01 +0000"
    },
    "done": true
  },
  "securitycraft:recipes/redstone/reinforced_spruce_fence_gate": {
    "criteria": {
      "has_stick": "2024-11-08 21:05:15 +0000"
    },
    "done": true
  },
  "pfm:recipes/furniture/red_simple_sofa": {
    "criteria": {
      "has_wool": "2024-11-08 21:02:51 +0000"
    },
    "done": true
  },
  "xkdeco:recipes/building_blocks/varnished_planks_from_smoking": {
    "criteria": {
      "has_item": "2024-11-08 21:04:01 +0000"
    },
    "done": true
  },
  "securitycraft:recipes/building_blocks/reinforced_andesite_with_vanilla_diorite": {
    "criteria": {
      "has_cobblestone": "2024-11-08 21:04:33 +0000"
    },
    "done": true
  },
  "refurbished_furniture:recipes/misc/constructing/oak_crate": {
    "criteria": {
      "has_oak_planks": "2024-11-08 21:04:01 +0000"
    },
    "done": true
  },
  "minecraft:recipes/building_blocks/cobblestone_slab_from_cobblestone_stonecutting": {
    "criteria": {
      "has_cobblestone": "2024-11-08 21:04:33 +0000"
    },
    "done": true
  },
  "biomesoplenty:recipes/transportation/umbran_boat": {
    "criteria": {
      "in_water": "2024-11-08 21:07:03 +0000"
    },
    "done": true
  },
  "pfm:recipes/furniture/brown_arm_chair": {
    "criteria": {
      "has_wool": "2024-11-08 21:02:51 +0000"
    },
    "done": true
  },
  "refurbished_furniture:recipes/misc/constructing/oak_lattice_fence_gate": {
    "criteria": {
      "has_oak_planks": "2024-11-08 21:04:01 +0000"
    },
    "done": true
  },
  "minecraft:recipes/building_blocks/stone": {
    "criteria": {
      "has_cobblestone": "2024-11-08 21:04:33 +0000"
    },
    "done": true
  },
  "pfm:recipes/furniture/oak_table_classic": {
    "criteria": {
      "has_planks": "2024-11-08 21:04:01 +0000"
    },
    "done": true
  },
  "pfm:recipes/furniture/purple_simple_sofa": {
    "criteria": {
      "has_wool": "2024-11-08 21:02:51 +0000"
    },
    "done": true
  },
  "minecraft:recipes/transportation/bamboo_raft": {
    "criteria": {
      "in_water": "2024-11-08 21:07:03 +0000"
    },
    "done": true
  },
  "pfm:recipes/furniture/oak_chair": {
    "criteria": {
      "has_planks": "2024-11-08 21:04:01 +0000"
    },
    "done": true
  },
  "pfm:recipes/furniture/red_arm_chair": {
    "criteria": {
      "has_wool": "2024-11-08 21:02:51 +0000"
    },
    "done": true
  },
  "securitycraft:recipes/misc/reinforced_acacia_fence": {
    "criteria": {
      "has_stick": "2024-11-08 21:05:15 +0000"
    },
    "done": true
  },
  "pfm:recipes/furniture/arm_chair_leather": {
    "criteria": {
      "has_wool": "2024-11-08 21:02:51 +0000"
    },
    "done": true
  },
  "refurbished_furniture:recipes/misc/constructing/purple_cooler": {
    "criteria": {
      "has_planks": "2024-11-08 21:04:01 +0000"
    },
    "done": true
  },
  "pfm:recipes/furniture/oak_classic_stool": {
    "criteria": {
      "has_planks": "2024-11-08 21:04:01 +0000"
    },
    "done": true
  },
  "refurbished_furniture:recipes/misc/constructing/light_gray_cooler": {
    "criteria": {
      "has_planks": "2024-11-08 21:04:01 +0000"
    },
    "done": true
  },
  "refurbished_furniture:recipes/misc/constructing/red_sofa": {
    "criteria": {
      "has_planks": "2024-11-08 21:04:01 +0000"
    },
    "done": true
  },
  "pfm:recipes/furniture/stone_kitchen_counter": {
    "criteria": {
      "has_planks": "2024-11-08 21:04:33 +0000"
    },
    "done": true
  },
  "refurbished_furniture:recipes/misc/constructing/magenta_lamp": {
    "criteria": {
      "has_planks": "2024-11-08 21:04:01 +0000"
    },
    "done": true
  },
  "pfm:recipes/furniture/stone_kitchen_drawer": {
    "criteria": {
      "has_planks": "2024-11-08 21:04:33 +0000"
    },
    "done": true
  },
  "pfm:recipes/furniture/oak_kitchen_drawer": {
    "criteria": {
      "has_planks": "2024-11-08 21:02:51 +0000"
    },
    "done": true
  },
  "minecraft:recipes/tools/stone_pickaxe": {
    "criteria": {
      "has_cobblestone": "2024-11-08 21:04:33 +0000"
    },
    "done": true
  },
  "pfm:recipes/furniture/brown_simple_sofa": {
    "criteria": {
      "has_wool": "2024-11-08 21:02:51 +0000"
    },
    "done": true
  },
  "pfm:recipes/furniture/oak_kitchen_wall_counter": {
    "criteria": {
      "has_planks": "2024-11-08 21:02:51 +0000"
    },
    "done": true
  },
  "minecraft:recipes/tools/wooden_hoe": {
    "criteria": {
      "has_stick": "2024-11-08 21:05:15 +0000"
    },
    "done": true
  },
  "minecraft:recipes/redstone/oak_fence_gate": {
    "criteria": {
      "has_planks": "2024-11-08 21:04:01 +0000"
    },
    "done": true
  },
  "minecraft:recipes/misc/charcoal": {
    "criteria": {
      "has_log": "2024-11-08 21:02:51 +0000"
    },
    "done": true
  },
  "refurbished_furniture:recipes/misc/constructing/acacia_lattice_fence": {
    "criteria": {
      "has_stick": "2024-11-08 21:05:15 +0000"
    },
    "done": true
  },
  "securitycraft:recipes/misc/sonic_security_system": {
    "criteria": {
      "has_stick": "2024-11-08 21:05:15 +0000"
    },
    "done": true
  },
  "refurbished_furniture:recipes/misc/constructing/oak_kitchen_storage_cabinet": {
    "criteria": {
      "has_oak_planks": "2024-11-08 21:04:01 +0000"
    },
    "done": true
  },
  "pfm:recipes/furniture/cyan_arm_chair": {
    "criteria": {
      "has_wool": "2024-11-08 21:02:51 +0000"
    },
    "done": true
  },
  "refurbished_furniture:recipes/misc/constructing/oak_desk": {
    "criteria": {
      "has_oak_planks": "2024-11-08 21:04:01 +0000"
    },
    "done": true
  },
  "minecraft:recipes/tools/wooden_shovel": {
    "criteria": {
      "has_stick": "2024-11-08 21:05:15 +0000"
    },
    "done": true
  },
  "refurbished_furniture:recipes/misc/constructing/post_box": {
    "criteria": {
      "has_planks": "2024-11-08 21:04:01 +0000"
    },
    "done": true
  },
  "minecraft:adventure/root": {
    "criteria": {
      "killed_something": "2024-11-08 21:02:37 +0000"
    },
    "done": true
  },
  "pfm:recipes/furniture/oak_table_dinner": {
    "criteria": {
      "has_planks": "2024-11-08 21:04:01 +0000"
    },
    "done": true
  },
  "pfm:recipes/furniture/oak_chair_classic": {
    "criteria": {
      "has_planks": "2024-11-08 21:04:01 +0000"
    },
    "done": true
  },
  "minecraft:recipes/decorations/barrel": {
    "criteria": {
      "has_planks": "2024-11-08 21:04:01 +0000"
    },
    "done": true
  },
  "refurbished_furniture:recipes/misc/constructing/oak_cutting_board": {
    "criteria": {
      "has_oak_planks": "2024-11-08 21:04:01 +0000"
    },
    "done": true
  },
  "thingamajigs:recipes/building_blocks/dark_oak_lane": {
    "criteria": {
      "has_planks": "2024-11-08 21:04:01 +0000"
    },
    "done": true
  },
  "securitycraft:recipes/misc/reinforced_birch_fence": {
    "criteria": {
      "has_stick": "2024-11-08 21:05:15 +0000"
    },
    "done": true
  },
  "refurbished_furniture:recipes/misc/constructing/green_sofa": {
    "criteria": {
      "has_planks": "2024-11-08 21:04:01 +0000"
    },
    "done": true
  },
  "securitycraft:recipes/misc/sc_manual": {
    "criteria": {
      "has_wood": "2024-11-08 21:02:51 +0000"
    },
    "done": true
  },
  "refurbished_furniture:recipes/misc/constructing/mangrove_lattice_fence_gate": {
    "criteria": {
      "has_stick": "2024-11-08 21:05:15 +0000"
    },
    "done": true
  },
  "minecraft:recipes/tools/stone_shovel": {
    "criteria": {
      "has_cobblestone": "2024-11-08 21:04:33 +0000"
    },
    "done": true
  },
  "refurbished_furniture:recipes/misc/constructing/light_gray_lamp": {
    "criteria": {
      "has_planks": "2024-11-08 21:04:01 +0000"
    },
    "done": true
  },
  "minecraft:recipes/building_blocks/oak_wood": {
    "criteria": {
      "has_log": "2024-11-08 21:02:51 +0000"
    },
    "done": true
  },
  "pfm:recipes/furniture/cyan_simple_sofa": {
    "criteria": {
      "has_wool": "2024-11-08 21:02:51 +0000"
    },
    "done": true
  },
  "pfm:recipes/furniture/yellow_arm_chair": {
    "criteria": {
      "has_wool": "2024-11-08 21:02:51 +0000"
    },
    "done": true
  },
  "pfm:recipes/furniture/oak_table_modern_dinner": {
    "criteria": {
      "has_planks": "2024-11-08 21:04:01 +0000"
    },
    "done": true
  },
  "refurbished_furniture:recipes/misc/constructing/blue_stool": {
    "criteria": {
      "has_planks": "2024-11-08 21:04:01 +0000"
    },
    "done": true
  },
  "pfm:recipes/furniture/oak_chair_dinner": {
    "criteria": {
      "has_planks": "2024-11-08 21:04:01 +0000"
    },
    "done": true
  },
  "refurbished_furniture:recipes/misc/constructing/oak_kitchen_sink": {
    "criteria": {
      "has_oak_planks": "2024-11-08 21:04:01 +0000"
    },
    "done": true
  },
  "refurbished_furniture:recipes/misc/constructing/orange_stool": {
    "criteria": {
      "has_planks": "2024-11-08 21:04:01 +0000"
    },
    "done": true
  },
  "refurbished_furniture:recipes/misc/constructing/black_cooler": {
    "criteria": {
      "has_planks": "2024-11-08 21:04:01 +0000"
    },
    "done": true
  },
  "pfm:recipes/furniture/green_arm_chair": {
    "criteria": {
      "has_wool": "2024-11-08 21:02:51 +0000"
    },
    "done": true
  },
  "pfm:recipes/furniture/oak_kitchen_counter": {
    "criteria": {
      "has_planks": "2024-11-08 21:02:51 +0000"
    },
    "done": true
  },
  "farmersdelight:recipes/combat/flint_knife": {
    "criteria": {
      "has_stick": "2024-11-08 21:05:15 +0000"
    },
    "done": true
  },
  "refurbished_furniture:recipes/misc/constructing/magenta_cooler": {
    "criteria": {
      "has_planks": "2024-11-08 21:04:01 +0000"
    },
    "done": true
  },
  "securitycraft:recipes/redstone/laser_block": {
    "criteria": {
      "has_stone": "2024-11-08 21:04:33 +0000"
    },
    "done": true
  },
  "refurbished_furniture:recipes/misc/constructing/lime_sofa": {
    "criteria": {
      "has_planks": "2024-11-08 21:04:01 +0000"
    },
    "done": true
  },
  "securitycraft:recipes/misc/reinforced_jungle_fence": {
    "criteria": {
      "has_stick": "2024-11-08 21:05:15 +0000"
    },
    "done": true
  },
  "pfm:recipes/furniture/stone_kitchen_wall_counter": {
    "criteria": {
      "has_planks": "2024-11-08 21:04:33 +0000"
    },
    "done": true
  },
  "minecraft:recipes/building_blocks/oak_stairs": {
    "criteria": {
      "has_planks": "2024-11-08 21:04:01 +0000"
    },
    "done": true
  },
  "refurbished_furniture:recipes/misc/constructing/red_cooler": {
    "criteria": {
      "has_planks": "2024-11-08 21:04:01 +0000"
    },
    "done": true
  },
  "minecraft:recipes/decorations/oak_fence": {
    "criteria": {
      "has_planks": "2024-11-08 21:04:01 +0000"
    },
    "done": true
  },
  "refurbished_furniture:recipes/misc/constructing/green_cooler": {
    "criteria": {
      "has_planks": "2024-11-08 21:04:01 +0000"
    },
    "done": true
  },
  "refurbished_furniture:recipes/misc/constructing/brown_sofa": {
    "criteria": {
      "has_planks": "2024-11-08 21:04:01 +0000"
    },
    "done": true
  },
  "minecraft:recipes/transportation/birch_boat": {
    "criteria": {
      "in_water": "2024-11-08 21:07:03 +0000"
    },
    "done": true
  },
  "minecraft:recipes/transportation/oak_boat": {
    "criteria": {
      "in_water": "2024-11-08 21:07:03 +0000"
    },
    "done": true
  },
  "refurbished_furniture:recipes/misc/constructing/light_blue_stool": {
    "criteria": {
      "has_planks": "2024-11-08 21:04:01 +0000"
    },
    "done": true
  },
  "minecraft:recipes/building_blocks/coal_block": {
    "criteria": {
      "has_coal": "2024-11-08 21:09:58 +0000"
    },
    "done": true
  },
  "refurbished_furniture:recipes/misc/constructing/cherry_lattice_fence": {
    "criteria": {
      "has_stick": "2024-11-08 21:05:15 +0000"
    },
    "done": true
  },
  "securitycraft:recipes/redstone/reinforced_acacia_fence_gate": {
    "criteria": {
      "has_stick": "2024-11-08 21:05:15 +0000"
    },
    "done": true
  },
  "minecraft:recipes/redstone/oak_button": {
    "criteria": {
      "has_planks": "2024-11-08 21:04:01 +0000"
    },
    "done": true
  },
  "refurbished_furniture:recipes/misc/constructing/white_cooler": {
    "criteria": {
      "has_planks": "2024-11-08 21:04:01 +0000"
    },
    "done": true
  },
  "refurbished_furniture:recipes/misc/constructing/blue_lamp": {
    "criteria": {
      "has_planks": "2024-11-08 21:04:01 +0000"
    },
    "done": true
  },
  "refurbished_furniture:recipes/misc/constructing/red_stool": {
    "criteria": {
      "has_planks": "2024-11-08 21:04:01 +0000"
    },
    "done": true
  },
  "minecraft:recipes/decorations/torch": {
    "criteria": {
      "has_stone_pickaxe": "2024-11-08 21:04:49 +0000"
    },
    "done": true
  },
  "securitycraft:recipes/misc/reinforced_cherry_fence": {
    "criteria": {
      "has_stick": "2024-11-08 21:05:15 +0000"
    },
    "done": true
  },
  "thingamajigs:recipes/building_blocks/picnic_table": {
    "criteria": {
      "get_planks": "2024-11-08 21:04:01 +0000"
    },
    "done": true
  },
  "pfm:recipes/furniture/pink_simple_sofa": {
    "criteria": {
      "has_wool": "2024-11-08 21:02:51 +0000"
    },
    "done": true
  },
  "refurbished_furniture:recipes/misc/constructing/warped_lattice_fence_gate": {
    "criteria": {
      "has_stick": "2024-11-08 21:05:15 +0000"
    },
    "done": true
  },
  "securitycraft:recipes/redstone/reinforced_warped_fence_gate": {
    "criteria": {
      "has_stick": "2024-11-08 21:05:15 +0000"
    },
    "done": true
  },
  "pfm:recipes/furniture/oak_kitchen_wall_small_drawer": {
    "criteria": {
      "has_planks": "2024-11-08 21:02:51 +0000"
    },
    "done": true
  },
  "refurbished_furniture:recipes/misc/constructing/light_blue_sofa": {
    "criteria": {
      "has_planks": "2024-11-08 21:04:01 +0000"
    },
    "done": true
  },
  "refurbished_furniture:recipes/misc/constructing/black_sofa": {
    "criteria": {
      "has_planks": "2024-11-08 21:04:01 +0000"
    },
    "done": true
  },
  "pfm:recipes/furniture/black_simple_sofa": {
    "criteria": {
      "has_wool": "2024-11-08 21:02:51 +0000"
    },
    "done": true
  },
  "biomesoplenty:recipes/transportation/mahogany_boat": {
    "criteria": {
      "in_water": "2024-11-08 21:07:03 +0000"
    },
    "done": true
  },
  "pfm:recipes/furniture/stone_kitchen_sink": {
    "criteria": {
      "has_planks": "2024-11-08 21:04:33 +0000"
    },
    "done": true
  },
  "pfm:recipes/furniture/oak_kitchen_counter_oven": {
    "criteria": {
      "has_planks": "2024-11-08 21:02:51 +0000"
    },
    "done": true
  },
  "refurbished_furniture:recipes/misc/constructing/light_gray_stool": {
    "criteria": {
      "has_planks": "2024-11-08 21:04:01 +0000"
    },
    "done": true
  },
  "refurbished_furniture:recipes/misc/constructing/white_stool": {
    "criteria": {
      "has_planks": "2024-11-08 21:04:01 +0000"
    },
    "done": true
  },
  "pfm:recipes/furniture/oak_simple_bunk_ladder": {
    "criteria": {
      "has_planks": "2024-11-08 21:04:01 +0000"
    },
    "done": true
  },
  "refurbished_furniture:recipes/misc/constructing/mangrove_lattice_fence": {
    "criteria": {
      "has_stick": "2024-11-08 21:05:15 +0000"
    },
    "done": true
  },
  "thingamajigs:recipes/building_blocks/acacia_lane": {
    "criteria": {
      "has_planks": "2024-11-08 21:04:01 +0000"
    },
    "done": true
  },
  "refurbished_furniture:recipes/misc/constructing/yellow_stool": {
    "criteria": {
      "has_planks": "2024-11-08 21:04:01 +0000"
    },
    "done": true
  },
  "thingamajigs:recipes/building_blocks/crimson_lane": {
    "criteria": {
      "has_planks": "2024-11-08 21:04:01 +0000"
    },
    "done": true
  },
  "securitycraft:recipes/misc/reinforced_mangrove_fence": {
    "criteria": {
      "has_stick": "2024-11-08 21:05:15 +0000"
    },
    "done": true
  },
  "securitycraft:recipes/building_blocks/reinforced_andesite": {
    "criteria": {
      "has_cobblestone": "2024-11-08 21:04:33 +0000"
    },
    "done": true
  },
  "pfm:recipes/furniture/blue_simple_sofa": {
    "criteria": {
      "has_wool": "2024-11-08 21:02:51 +0000"
    },
    "done": true
  },
  "refurbished_furniture:recipes/misc/constructing/pink_lamp": {
    "criteria": {
      "has_planks": "2024-11-08 21:04:01 +0000"
    },
    "done": true
  },
  "refurbished_furniture:recipes/misc/constructing/lime_cooler": {
    "criteria": {
      "has_planks": "2024-11-08 21:04:01 +0000"
    },
    "done": true
  },
  "pfm:recipes/furniture/light_blue_simple_sofa": {
    "criteria": {
      "has_wool": "2024-11-08 21:02:51 +0000"
    },
    "done": true
  },
  "refurbished_furniture:recipes/misc/constructing/oak_storage_cabinet": {
    "criteria": {
      "has_oak_planks": "2024-11-08 21:04:01 +0000"
    },
    "done": true
  },
  "refurbished_furniture:recipes/misc/constructing/gray_stool": {
    "criteria": {
      "has_planks": "2024-11-08 21:04:01 +0000"
    },
    "done": true
  },
  "securitycraft:recipes/building_blocks/reinforced_diorite": {
    "criteria": {
      "has_cobblestone": "2024-11-08 21:04:33 +0000"
    },
    "done": true
  },
  "pfm:recipes/furniture/oak_log_stool": {
    "criteria": {
      "has_log": "2024-11-08 21:02:51 +0000"
    },
    "done": true
  },
  "refurbished_furniture:recipes/misc/constructing/acacia_lattice_fence_gate": {
    "criteria": {
      "has_stick": "2024-11-08 21:05:15 +0000"
    },
    "done": true
  },
  "create:recipes/building_blocks/oak_window": {
    "criteria": {
      "has_ingredient": "2024-11-08 21:04:01 +0000"
    },
    "done": true
  },
  "refurbished_furniture:recipes/misc/constructing/white_sofa": {
    "criteria": {
      "has_planks": "2024-11-08 21:04:01 +0000"
    },
    "done": true
  },
  "refurbished_furniture:recipes/misc/constructing/oak_table": {
    "criteria": {
      "has_oak_planks": "2024-11-08 21:04:01 +0000"
    },
    "done": true
  },
  "minecraft:recipes/building_blocks/cobblestone_stairs_from_cobblestone_stonecutting": {
    "criteria": {
      "has_cobblestone": "2024-11-08 21:04:33 +0000"
    },
    "done": true
  },
  "refurbished_furniture:recipes/misc/constructing/yellow_cooler": {
    "criteria": {
      "has_planks": "2024-11-08 21:04:01 +0000"
    },
    "done": true
  },
  "pfm:recipes/furniture/magenta_arm_chair": {
    "criteria": {
      "has_wool": "2024-11-08 21:02:51 +0000"
    },
    "done": true
  },
  "farmersdelight:recipes/decorations/cutting_board": {
    "criteria": {
      "has_stick": "2024-11-08 21:05:15 +0000"
    },
    "done": true
  },
  "refurbished_furniture:recipes/misc/constructing/blue_cooler": {
    "criteria": {
      "has_planks": "2024-11-08 21:04:01 +0000"
    },
    "done": true
  },
  "minecraft:recipes/tools/stone_hoe": {
    "criteria": {
      "has_cobblestone": "2024-11-08 21:04:33 +0000"
    },
    "done": true
  },
  "pfm:recipes/furniture/oak_table_log": {
    "criteria": {
      "has_log": "2024-11-08 21:04:01 +0000"
    },
    "done": true
  },
  "pfm:recipes/furniture/orange_simple_sofa": {
    "criteria": {
      "has_wool": "2024-11-08 21:02:51 +0000"
    },
    "done": true
  },
  "pfm:recipes/furniture/oak_simple_stool": {
    "criteria": {
      "has_planks": "2024-11-08 21:04:01 +0000"
    },
    "done": true
  },
  "pfm:recipes/furniture/light_blue_arm_chair": {
    "criteria": {
      "has_wool": "2024-11-08 21:02:51 +0000"
    },
    "done": true
  },
  "refurbished_furniture:recipes/misc/constructing/cyan_lamp": {
    "criteria": {
      "has_planks": "2024-11-08 21:04:01 +0000"
    },
    "done": true
  },
  "refurbished_furniture:recipes/misc/constructing/gray_sofa": {
    "criteria": {
      "has_planks": "2024-11-08 21:04:01 +0000"
    },
    "done": true
  },
  "pfm:recipes/furniture/oak_kitchen_cabinet": {
    "criteria": {
      "has_planks": "2024-11-08 21:02:51 +0000"
    },
    "done": true
  },
  "securitycraft:recipes/misc/reinforced_spruce_fence": {
    "criteria": {
      "has_stick": "2024-11-08 21:05:15 +0000"
    },
    "done": true
  },
  "refurbished_furniture:recipes/misc/constructing/purple_lamp": {
    "criteria": {
      "has_planks": "2024-11-08 21:04:01 +0000"
    },
    "done": true
  },
  "DataVersion": 3465
}